{
  "experiment_mode": "swap",
  "prompt": "Question: What is 58 + 83? Answer: 1",
  "clean_baseline": {
    "top_token": "4",
    "top_logit": 30.625,
    "top_prob": 1.0,
    "targets": {
      " ": {
        "logit": 14.3125,
        "prob": 8.242204785346985e-08
      },
      "1": {
        "logit": 21.75,
        "prob": 0.0001392364501953125
      },
      "2": {
        "logit": 22.375,
        "prob": 0.0002613067626953125
      },
      "3": {
        "logit": 23.5,
        "prob": 0.000804901123046875
      },
      "4": {
        "logit": 30.625,
        "prob": 1.0
      },
      "7": {
        "logit": 19.5,
        "prob": 1.4722347259521484e-05
      }
    }
  },
  "source_prompt": "Question: What is 32 + 42? Answer: ",
  "source_baseline": {
    "top_token": "7",
    "top_logit": 28.5,
    "top_prob": 0.9375,
    "targets": {
      " ": {
        "logit": 14.125,
        "prob": 5.364418029785156e-07
      },
      "1": {
        "logit": 22.625,
        "prob": 0.00262451171875
      },
      "2": {
        "logit": 21.75,
        "prob": 0.0010986328125
      },
      "3": {
        "logit": 25.625,
        "prob": 0.052734375
      },
      "4": {
        "logit": 22.125,
        "prob": 0.00159454345703125
      },
      "7": {
        "logit": 28.5,
        "prob": 0.9375
      }
    }
  },
  "intervention": {
    "top_token": "4",
    "top_logit": 30.625,
    "top_prob": 1.0,
    "targets": {
      " ": {
        "logit": 14.3125,
        "prob": 8.242204785346985e-08
      },
      "1": {
        "logit": 21.875,
        "prob": 0.0001583099365234375
      },
      "2": {
        "logit": 22.375,
        "prob": 0.0002613067626953125
      },
      "3": {
        "logit": 23.75,
        "prob": 0.00102996826171875
      },
      "4": {
        "logit": 30.625,
        "prob": 1.0
      },
      "7": {
        "logit": 19.5,
        "prob": 1.4722347259521484e-05
      }
    }
  }
}