{
  "experiment_mode": "inhibit",
  "prompt": "Fact: The capital of the country containing Kandahar is named",
  "clean_baseline": {
    "top_token": " Kabul",
    "top_logit": 21.75,
    "top_prob": 0.98828125,
    "targets": {
      " as": {
        "logit": 15.0,
        "prob": 0.00115966796875
      },
      " K": {
        "logit": 16.625,
        "prob": 0.005889892578125
      },
      "K": {
        "logit": 7.875,
        "prob": 9.313225746154785e-07
      },
      " Kabul": {
        "logit": 21.75,
        "prob": 0.98828125
      }
    }
  },
  "reconstruction_baseline": {
    "top_token": " Kabul",
    "top_logit": 21.75,
    "top_prob": 0.98828125,
    "targets": {
      " as": {
        "logit": 15.0,
        "prob": 0.00115966796875
      },
      " K": {
        "logit": 16.625,
        "prob": 0.005889892578125
      },
      "K": {
        "logit": 7.875,
        "prob": 9.313225746154785e-07
      },
      " Kabul": {
        "logit": 21.75,
        "prob": 0.98828125
      }
    },
    "feature_activations": {}
  },
  "full_knockout": {
    "top_token": " Kabul",
    "top_logit": 22.125,
    "top_prob": 0.94921875,
    "targets": {
      " as": {
        "logit": 15.875,
        "prob": 0.0018310546875
      },
      " K": {
        "logit": 18.375,
        "prob": 0.0223388671875
      },
      "K": {
        "logit": 9.0625,
        "prob": 2.0116567611694336e-06
      },
      " Kabul": {
        "logit": 22.125,
        "prob": 0.94921875
      }
    }
  }
}