{
  "experiment_mode": "inhibit",
  "prompt": "Fact: The capital of the state containing Dallas is named",
  "clean_baseline": {
    "top_token": " Austin",
    "top_logit": 16.375,
    "top_prob": 0.263671875,
    "targets": {
      " after": {
        "logit": 15.625,
        "prob": 0.12451171875
      },
      "Austin": {
        "logit": 7.5625,
        "prob": 3.933906555175781e-05
      },
      " Austin": {
        "logit": 16.375,
        "prob": 0.263671875
      },
      " Dallas": {
        "logit": 16.125,
        "prob": 0.205078125
      }
    }
  },
  "reconstruction_baseline": {
    "top_token": " Austin",
    "top_logit": 16.375,
    "top_prob": 0.263671875,
    "targets": {
      " after": {
        "logit": 15.625,
        "prob": 0.12451171875
      },
      "Austin": {
        "logit": 7.5625,
        "prob": 3.933906555175781e-05
      },
      " Austin": {
        "logit": 16.375,
        "prob": 0.263671875
      },
      " Dallas": {
        "logit": 16.125,
        "prob": 0.205078125
      }
    },
    "feature_activations": {}
  },
  "full_knockout": {
    "top_token": " after",
    "top_logit": 19.625,
    "top_prob": 0.57421875,
    "targets": {
      " after": {
        "logit": 19.625,
        "prob": 0.57421875
      },
      "Austin": {
        "logit": 9.75,
        "prob": 2.956390380859375e-05
      },
      " Austin": {
        "logit": 18.625,
        "prob": 0.2109375
      },
      " Dallas": {
        "logit": 17.625,
        "prob": 0.07763671875
      }
    }
  }
}