{
  "experiment_mode": "swap",
  "prompt": "Fact: The capital of the state containing Dallas is named",
  "clean_baseline": {
    "top_token": " Austin",
    "top_logit": 16.375,
    "top_prob": 0.263671875,
    "targets": {
      " after": {
        "logit": 15.625,
        "prob": 0.12451171875
      },
      "Austin": {
        "logit": 7.5625,
        "prob": 3.933906555175781e-05
      },
      " Austin": {
        "logit": 16.375,
        "prob": 0.263671875
      },
      " Dallas": {
        "logit": 16.125,
        "prob": 0.205078125
      },
      "Sac": {
        "logit": -6.1875,
        "prob": 4.18367562815547e-11
      },
      " Sacramento": {
        "logit": 2.75,
        "prob": 3.1851232051849365e-07
      },
      " San": {
        "logit": 7.71875,
        "prob": 4.57763671875e-05
      }
    }
  },
  "source_prompt": "Fact: The capital of the state containing Oakland is named",
  "source_baseline": {
    "top_token": " after",
    "top_logit": 18.625,
    "top_prob": 0.462890625,
    "targets": {
      " after": {
        "logit": 18.625,
        "prob": 0.462890625
      },
      "Austin": {
        "logit": -0.91015625,
        "prob": 1.520675141364336e-09
      },
      " Austin": {
        "logit": 7.21875,
        "prob": 5.155801773071289e-06
      },
      " Dallas": {
        "logit": 5.8125,
        "prob": 1.259148120880127e-06
      },
      "Sac": {
        "logit": 7.0625,
        "prob": 4.410743713378906e-06
      },
      " Sacramento": {
        "logit": 17.625,
        "prob": 0.169921875
      },
      " San": {
        "logit": 17.375,
        "prob": 0.1328125
      }
    }
  },
  "intervention": {
    "top_token": " Dallas",
    "top_logit": 16.875,
    "top_prob": 0.279296875,
    "targets": {
      " after": {
        "logit": 16.625,
        "prob": 0.216796875
      },
      "Austin": {
        "logit": 8.125,
        "prob": 4.410743713378906e-05
      },
      " Austin": {
        "logit": 16.625,
        "prob": 0.216796875
      },
      " Dallas": {
        "logit": 16.875,
        "prob": 0.279296875
      },
      "Sac": {
        "logit": -4.71875,
        "prob": 1.1641532182693481e-10
      },
      " Sacramento": {
        "logit": 3.421875,
        "prob": 4.0046870708465576e-07
      },
      " San": {
        "logit": 8.125,
        "prob": 4.410743713378906e-05
      }
    }
  }
}