{
  "experiment_mode": "swap",
  "prompt": "Fact: The capital of the country containing Munich is named",
  "clean_baseline": {
    "top_token": " Munich",
    "top_logit": 19.125,
    "top_prob": 0.70703125,
    "targets": {
      " after": {
        "logit": 17.25,
        "prob": 0.1083984375
      },
      " as": {
        "logit": 14.3125,
        "prob": 0.0057373046875
      },
      "Berlin": {
        "logit": 6.1875,
        "prob": 1.6987323760986328e-06
      },
      " Berlin": {
        "logit": 15.75,
        "prob": 0.024169921875
      },
      "K": {
        "logit": -3.40625,
        "prob": 1.1596057447604835e-10
      },
      " K": {
        "logit": 5.28125,
        "prob": 6.854534149169922e-07
      },
      " Kabul": {
        "logit": 0.83984375,
        "prob": 8.09086486697197e-09
      },
      " Munich": {
        "logit": 19.125,
        "prob": 0.70703125
      },
      " what": {
        "logit": 17.0,
        "prob": 0.08447265625
      }
    }
  },
  "source_prompt": "Fact: The capital of the country containing Kandahar is named",
  "source_baseline": {
    "top_token": " Kabul",
    "top_logit": 21.75,
    "top_prob": 0.98828125,
    "targets": {
      " after": {
        "logit": 14.75,
        "prob": 0.0009002685546875
      },
      " as": {
        "logit": 15.0,
        "prob": 0.00115966796875
      },
      "Berlin": {
        "logit": -2.078125,
        "prob": 4.433786671143025e-11
      },
      " Berlin": {
        "logit": 5.71875,
        "prob": 1.0803341865539551e-07
      },
      "K": {
        "logit": 7.875,
        "prob": 9.313225746154785e-07
      },
      " K": {
        "logit": 16.625,
        "prob": 0.005889892578125
      },
      " Kabul": {
        "logit": 21.75,
        "prob": 0.98828125
      },
      " Munich": {
        "logit": 1.53125,
        "prob": 1.6370904631912708e-09
      },
      " what": {
        "logit": 11.625,
        "prob": 3.9577484130859375e-05
      }
    }
  },
  "intervention": {
    "top_token": " Munich",
    "top_logit": 16.75,
    "top_prob": 0.265625,
    "targets": {
      " after": {
        "logit": 16.5,
        "prob": 0.2080078125
      },
      " as": {
        "logit": 14.8125,
        "prob": 0.038330078125
      },
      "Berlin": {
        "logit": 4.40625,
        "prob": 1.1622905731201172e-06
      },
      " Berlin": {
        "logit": 13.375,
        "prob": 0.00909423828125
      },
      "K": {
        "logit": -2.984375,
        "prob": 7.166818249970675e-10
      },
      " K": {
        "logit": 6.0625,
        "prob": 6.079673767089844e-06
      },
      " Kabul": {
        "logit": 1.125,
        "prob": 4.353933036327362e-08
      },
      " Munich": {
        "logit": 16.75,
        "prob": 0.265625
      },
      " what": {
        "logit": 16.25,
        "prob": 0.162109375
      }
    }
  }
}